"lang_iso_code","en"
"smscurrency","EUR"
"lang_alphabet","أ ;ب; ت ;ث; ج ;ح ;خ; د; ذ; ر; ز; س; ش ;ص ;ض; ط; ظ ;ع ;غ ;ف ;ق; ك; ل ;م ;ن; هـ ;و; ي"
"All years","جميع السنوات"
"About","حول التطبيق"
"Copyright © TOPefekt s.r.o., All rights reserved","Copyright © TOPefekt s.r.o., All rights reserved"
"Developer:","المطور:"
"TOPefekt s.r.o.","TOPefekt s.r.o."
"Address:","العنوان:"
"B. Nemcove 767/13","B. Nemcove 767/13"
"78701 Sumperk","78701 Sumperk"
"Czech Republic","الجمهورية التشيكية"
"VAT: CZ29444268","VAT: CZ29444268"
"Office Telephone:","الهاتف"
"+420 581 110 998","+420 581 110 998"                                
"E-mail:","البريد الإلكتروني:"
"sales@topefekt.com","sales@topefekt.com"
"support@topefekt.com","support@topefekt.com"
"Web:","Web:"
"www.presta-sms.com","www.presta-sms.com"
"www.presta-sms.com/","www.presta-sms.com/"
"Admin SMS","إرساليات المشرف"
"Select events during which shall be shop administrators notified via SMS and customize text of messages.","تحوير نصوص الرسائل والأوقات التي يتم فيها إشعار المشرفين."
"Unicode SMS","رسائل اليونيكود"
"unicode","يونيكود"
"Check only if you want to use Chinese, Arabic, Greek, Hebrew, Korean, Cyrillic, etc. or diacritic in the text of your SMS message (Unicode text allows you to insert characters in all fonts and various other symbols simultaneously. Number of characters in one SMS will be reduced to 70).","يتم تفعيل هذه الخاصية عند استعمال اللغة العربية أو الصينية أو اليونانية أو العبرية أو الكورية، إلخ. وكذلك عند استخدام الرموز في نص الرسالة (عموما نصوص اليونيكود تُمكِن من استعمال أحرف جميع اللغات بالإضافة الى جميع الرموز، عدد الأحرف الأقصى في نص الرسالة الواحدة يصبح 70 رمزا."
"Save","تفعيل"
"Sending notifications via SMS is ACTIVE","خاصية إرسال الإشعارات نشطة"
"Sending notifications via SMS is NOT ACTIVE. To activate SMS sending check at least one administrator.","خاصية إرسال الإشعارات غير نشطة حاليا، لتفعيلها يجب عليك اختيار مشرف واحد على الأقل"
"Update of order status","تحيين حالة الطلبية"
"Account","انشاء حساب"
"Product","المنتجات"
"Order status","حالة الطلبيات"
"Order","الطلبيات"
"Admin SMS - not active","إرساليات المشرف - غير مفعل"
"Please add at least one administrator!","يُرجى اضافة مشرف واحد على الأقل"
"User profile is not active! To register click on the SMS tab in the main menu. Module will display you screen for entering registration data. If you have used our module in the past and you know your username and password, fill in form for existing account. Otherwise fill in your email, accept the license terms and click register.","الحساب الشخصي غير نشط، للتسجيل يرجى النقر على ايقونة الرسائل، ومن ثمة يمكنك مشاهدة معطيات التسجيل، اذا سبق لك وأن استعملت هذا التطبيق واذا كنت تعرف اسم المستخدم وكلمة السر الخاصين بك يمكنك استخدامهم في هذا الحساب. خلافا لذلك أدخل البريد الإلكتروني الخاص بك ووافق على شروط الخدمة ومن ثمة اظغط على تسجيل."
"Invalid SMS text","نص الرسالة غير صالح"
"Text of SMS was saved.","تم تسجيل نص الرسالة"
"Unicode saved.","تم تفعيل خاصية اليونيكود"
"char","حرف"
"chars","أحرف"
"label","شريحة"
"SMS text","نص الرسالة"
"total sms:","مجموع الرسائل:"
"Enter SMS text","أدخل نص الرسال"
"Preview","معاينة"
"Administrators","المشرفون"
"Save","حفظ"
"Cancel","إلغاء"
"Restore unsaved changes to its original state.","اعادة التغييرات غير المسجلة إلى حالتها الأصلية"

"User profile - not active","حساب المشرف - غير نشط"
"User profile - active","حساب المشرف - نشط"
"New user account","حساب جديد"
"Not registered yet? Create account now!","غير مسجل؟ قم بإنشاء حسابك الآن"
"Email:","البريد الإلكتروني:"
"Company name:","إسم الشركة:"
"Street:","الشارع:"
"City:","المدينة::"
"ZIP:","الترقيم البريدي:"
"Country:","البلد:"
"Company ID:","مُعرف الشركة:"
"Company VAT:","رقم الحساب الضريبي للشركة"
"Referer ID:","المرجع المعرف"
"View licence terms:","الإطلاع على بنود الترخيص"
"I agree","موافق"
"I dont agree","غير موافق"
"Register","تسجيل"
"Required field","حقل مطلوب"
"Sign in","تسجيل الدخول"
"If You already have an account, please sign in.","إذا كان لديك حساب يمكنك تسجيل الدخول"
"Username:","إسم المستخدم:"
"Password:","كلمة السر:"
"Log in","الدخول"
"Edit user account","تحوير حساب المستخد"
"Save","حفظ"
"User account info","معلومات الحساب"
"SMS Credit:","مخزون الرسائل:"
"Add administrators","إضافة مشرفين"
"Name:","الإسم:"
"Mobile number:","رقم الهاتف المحمول:"
"Edit","تحوير"
"Add","إضافة"
"Other settings","إعدادات أخرى"
"Simulate SMS sending:","محاكاة الرسائل القصيرة:"
"Allows to test sending of SMS in modul and to view sent SMS in SMS history with a special status.","السماح باختبار الإرساليات والإطلاع على حالة الرسائل في أرشيف الإرساليات"
"Delete database:","حذف قاعدة البيانات"
"Allows to decide if current SMS settings and database of sent SMS shall be stored when uninstalling SMS module.","السماح بما اذا كان يجب تخزين الإعدادات و تسجيل قاعدة البيانات إذا ما تم حذف التطبيق"
"Delivery reports:","تقارير الإرسال"
"Allows to see delivery reports of SMS in SMS history Tab.","السماح بمشاهدة تقارير بعث الإرساليات في أرشيف الإرساليات"
"Low credit alert:","التنبيه حول مخزون الإرساليات المنخفض"
" Allows to receive email when your SMS credit is low."," السماح باستقبال بريد الكتروني في حالة تدني المخزون"
"Email for delivery reports:","البريد الإلكتروني لتقارير التسليم:"
"Allows to receive email with delivery report of SMS.","السماح بتلقي البريد الالكتروني مع تقرير تسليم الرسائل القصيرة."
"Admin was created.","تمت إضافة المشرف"
"You have to agree with licence terms.","يجب عليك القبول بشروط الإستعمال"
"Account was created.","تم إنشاء الحساب"
"you can add another account after ","يمكنك إضافة حساب آخر لاحقا "
"minutes","دقائق"
"can not connect to SMS server","لا يمكن الإتصال بسيرفر الرسائل"
"You were succesfully loged in.","تم تسجيل الدخول بنجاح"
"error","خطأ"
"Invalid e-mail for delivery report.","البريد الإكتروني غير صالح لتقارير التسليم"
"Invalid e-mail","البريد الإلكتروني غير صالح"
"Account was changed.","تم تغيير الحساب"
"Account was changed, but module URL for DR does not answer.","تم تغيير الحساب، لكن رابط التطبيق لا يجيب"
"you can change account after ","يمكنك تغيير اعدادات الحساب فيما بعد  "
" seconds"," ثوان"
"Invalid name","إسم غير صالح"
"Invalid number","رقم غير صالح"
"Admin was changed.","تم تغيير المشرف"
"Admin was deleted.","تم حذف المشرف"
"no changes were made","لا تغييرات"
"login error","خطأ في عملية الدخول"
"Are you sure to delete","هل أنت متأكد من عملية الحذف"
"DELETE administrator","حذف المشرف"
"EDIT administrator","إعدادات المشرف"
"in international format, no leading zeros or a “+” sign, e.g., 447971796595","في الشكل الدولي لا توجد أصفار ولا وجود لعلامة "+" مثلا: 44791796595"
"(when uninstall)","الغاء التنصيب)"
"(0 = no alert)","0 = لا تنبيه)"
"Fill in username and password.","أضف اسم المستخدم وكلمة السر"

"Customer SMSi - ","إرساليات الحريف - "
"Customer SMS - not active","إرساليات الحريف - غير نشطة"
" language version","  صيغة اللغة "
"Select events during which shall be customer notified via SMS and customize text of messages. You can also add a new language version of SMS messages for each country separately. In countries with undefined language version will be used default language version.","هنا يمكن تحديد المراحل التي يتم فيها إشعار الحريف بواسطة رسالة، كما يمكن تخصيص نص الرسالة أيضا، يمكنك أيضا إضافة لغة جديدة لكل بلد على حدا، بالنسبة للبلدان التي لم يتم تعيين أي لغة لها سوف يتم استعمال اللغة الأساسية فيها تلقائيا"
"Add SMS text version","إضافة صيغة نص الرسالة"
"Select country: ","إختر البلد: "
"Unicode SMS","رسائل اليونيكود"
"Check only if you want to use Chinese, Arabic, Greek, Hebrew, Korean, Cyrillic, etc. or diacritic in the text of your SMS message (Unicode text allows you to insert characters in all fonts and various other symbols simultaneously. Number of characters in one SMS will be reduced to 70).","يتم تفعيل هذه الخاصية عند استعمال اللغة العربية أو الصينية أو اليونانية أو العبرية أو الكورية، إلخ. وكذلك عند استخدام الرموز في نص الرسالة (عموما نصوص اليونيكود تُمكِن من استعمال أحرف جميع اللغات بالإضافة الى جميع الرموز، عدد الأحرف الأقصى في نص الرسالة الواحدة يصبح 70 رمزا)."
"Order status","حالة الطلبية"
"Sending notifications via SMS is ACTIVE","إرسال الإشعارات عبر الرسائل القصيرة نشط"
"Sending notifications via SMS is NOT ACTIVE. To activate SMS sending check „Active“ in desired status detail.","إرسال الإشعارات عبر الرسائل القصيرة غير نشط، لتنشيطه اظغط على \"تفعيل\" في القائمة المرغوبة"
" Update of order status "," تحيين حالة الطلبية  "
"Account","الحساب"
"User profile is not active! To register click on the SMS tab in the main menu. Module will display you screen for entering registration data. If you have used our module in the past and you know your username and password, fill in form for existing account. Otherwise fill in your email, accept the license terms and click register.","الحساب الشخصي غير نشط، للتسجيل يرجى النقر على ايقونة الرسائل، ومن ثمة يمكنك مشاهدة معطيات التسجيل، اذا سبق لك وأن استعملت هذا التطبيق واذا كنت تعرف اسم المستخدم وكلمة السر الخاصين بك يمكنك استخدامهم في هذا الحساب. خلافا لذلك أدخل البريد الإلكتروني الخاص بك ووافق على شروط الخدمة ومن ثمة اظغط على تسجيل"
"Invalid SMS text","نص الرسالة غير صالح"
"Text of SMS was saved.","تم حفظ نص الرسالة"
"SMS text version was deleted.","تم حذف صيغة نص الرسالة"
"Are you sure to delete","هل أنت متأكد من عملية الحذف؟"
"DELETE language version","حذف صيغة هذه اللغة"
"SMS text","نص الرسالة"
"unicode","يونيكود"
"SMS text version for ","صيغة الرسالة الخاصة ب  "
" was saved"," تم تسجيله"
"Preview","معاينة"
"Active","تفعيل"
"Save","حفظ"
"Cancel","إلغاء"
"total sms:","مجموع الرسائل:"
"EDIT language version","تحوير لغوي"
"default","الوضع المبدئيoú"
"Edit","تحوير"
"Add","إضافة"
"Order","طلبية"
"Chars","أحرف"
"Unicode was saved.","تفعيل اليونيكود"
"Restore unsaved changes to its original state.","اعادة التغييرات غير المسجلة إلى حالتها الأصلية"

"Purchase Credit","شراء مخزون الرسائل"
"Purchase Credit - not active","شراء مخزون الرسائل - غير نشط"
"User profile is not active! To register click on the SMS tab in the main menu. Module will display you screen for entering registration data. If you have used our module in the past and you know your username and password, fill in form for existing account. Otherwise fill in your email, accept the license terms and click register.","الحساب الشخصي غير نشط، للتسجيل يرجى النقر على ايقونة الرسائل، ومن ثمة يمكنك مشاهدة معطيات التسجيل، اذا سبق لك وأن استعملت هذا التطبيق واذا كنت تعرف اسم المستخدم وكلمة السر الخاصين بك يمكنك استخدامهم في هذا الحساب. خلافا لذلك أدخل البريد الإلكتروني الخاص بك ووافق على شروط الخدمة ومن ثمة اظغط على تسجيل"
" In case methods for credit purchase are not displayed properly, please click here:","  اذا ما لم يتم عرض طرق الشراء بشكل صحيح يرجى الظغط هنا:"

"Bulk SMS text","نص الرسائل القصيرة بالجملة"
"Add recipients ","إضافة المستلمين   "
"Add one or more recipients separated by commas. Number must be in international format, no leading zeros or “+“ sign.","أضف قائمة المستلمين مع مراعاة الفصل بين كل مستلم وآخر بعلامة فاصل ","، يجب أن تكون الأرقام بالصيغة الدولية مع مراعاة حذف الأصفار وحذف علامة  "+" زائد"
" (e.g. 447971796595)","  (مثلا 447971796595)"
"Enter SMS text","أكتب نص الرسالة"
"Add recipients in CSV file ","CSV أضف المستلمين في صيغة "
"CSV file - 1 column, 1st column - number (Number must be in international format, no leading zeros or “+“ sign; e.g. 447971796595)","CSV file - 1 column, 1st column - number (Number must be in international format, no leading zeros or “+“ sign; e.g. 447971796595)"
" Unicode ","  يونيكود  "
"Check only if you want to use Chinese, Arabic, Greek, Hebrew, Korean, Cyrillic, etc. or diacritic in the text of your SMS message (Unicode text allows you to insert characters in all fonts and various other symbols simultaneously. Number of characters in one SMS will be reduced to 70).","يتم تفعيل هذه الخاصية عند استعمال اللغة العربية أو الصينية أو اليونانية أو العبرية أو الكورية، إلخ. وكذلك عند استخدام الرموز في نص الرسالة (عموما نصوص اليونيكود تُمكِن من استعمال أحرف جميع اللغات بالإضافة الى جميع الرموز، عدد الأحرف الأقصى في نص الرسالة الواحدة يصبح 70 رمزا.)."
"Your time: ","التوقيت الخاص بك: "
"Time: ","التوقيت:  "
"time zone: ","التوقيت المحلي: "
"time zone settings","اعدادات التوقيت المحلي"
"Text is too long","النص طويل"
"Send SMS","ارسال"
"Send","ارسال"
"Send SMS or bulk SMS. Enter mobile numbers or upload CSV file.","sv ارسال رسالة او رسائل بالجملة، أدخل ارقام الهواتف او قم بتحميل ملف بصيغة "
"Send SMS - not active","بعث الرسائل - غير نشط"
"User profile is not active! To register click on the SMS tab in the main menu. Module will display you screen for entering registration data. If you have used our module in the past and you know your username and password, fill in form for existing account. Otherwise fill in your email, accept the license terms and click register.","الحساب الشخصي غير نشط، للتسجيل يرجى النقر على ايقونة الرسائل، ومن ثمة يمكنك مشاهدة معطيات التسجيل، اذا سبق لك وأن استعملت هذا التطبيق واذا كنت تعرف اسم المستخدم وكلمة السر الخاصين بك يمكنك استخدامهم في هذا الحساب. خلافا لذلك أدخل البريد الإلكتروني الخاص بك ووافق على شروط الخدمة ومن ثمة اظغط على تسجيل"
"Fill in SMS text.","أضف نص الرسالة"
"SMS text is too long (max. 612 characters).","نص الرسالة طويل، الحد الأقصى المسموح به هو 612 حرف"
"SMS text is too long (max. 268 unicode characters).","نص الرسالة طويل، الحد الأقصى المسموح به هو 268 حرف يونيكود"
"Wrong time of SMS sending.","تاريخ غير صالح لإرسال الرسائل"
"Recipients found: 0","عدد المستلمين الموجودين: 0"
"You do not have enough credit to send SMS to all ","ليس لدليك مخزون كافي لكي تبعث للكل  "
" recipients."," المستلمون"
"SMS was sent.","تم ارسال الرسالة"
"SMS was saved.","تم حفظ نص الرسالة"
"wrong number or unavailable","رقم خاطئ أو غير صالح"
"unauthorized senderID in confirmation sms","معرف الباعث غير صالح لتأكيد عملية الإرسال"
"low credit for sending sms","مخزون منخفض لا يُمَكِن من بعث الرسائل"
"unicode is not supported","اليونيكود غير مدعوم"
"can not connect to SMS server","لا يمكن التواصل مع سيرفر الرسائل"
"SMS SIMULATION (Sending of SMS was simulated. Recipient will not receive SMS)","محاكاة الإرسال (تمت فقط محاكاة عملية الإرسال، لن يستقبل المستلم أي رسالة)"
"SMS was sent (simulation).","تم ارسال الرسالة (محاكاة)"
"error","خطأ"
"login error","خطأ في عملية الدخول"
" Send later "," أرسل لاحقا "
"Characters: ","أحرف: "
"1hr","1hr"
"Date: ","التاريخ: "

"SMS Answers","ردود الرسائل"
"SMS answer from customer is displayed only when customer receives SMS from your shop with SMS sender type „System number“ and customer replies using his own mobile phone.","الإجابة عن رسائل الحريف لا تظهر عادة الا عندما يستلم الحريف الرسالة من متجرك باستعمال صيغة \"الرقم النظامي\" وبذلك يمكن للحريف الرد باستعمال هاتفه الشخصي"
"Show","إظهار"
"Search results ","نتائج البحث "
" of "," ل  "
"SMS center","مركز الرسائل"
"Date","التاريخ"
"From number","من الرقم"
"new","جديد"
"Previous","السابق"
"Next","التالي"
" Page: ","  الصفحة: "
"SMS Answers - not active","الإجابة عن الرسائل - غير نشطة"
"User profile is not active! To register click on the SMS tab in the main menu. Module will display you screen for entering registration data. If you have used our module in the past and you know your username and password, fill in form for existing account. Otherwise fill in your email, accept the license terms and click register.","الحساب الشخصي غير نشط، للتسجيل يرجى النقر على ايقونة الرسائل، ومن ثمة يمكنك مشاهدة معطيات التسجيل، اذا سبق لك وأن استعملت هذا التطبيق واذا كنت تعرف اسم المستخدم وكلمة السر الخاصين بك يمكنك استخدامهم في هذا الحساب. خلافا لذلك أدخل البريد الإلكتروني الخاص بك ووافق على شروط الخدمة ومن ثمة اظغط على تسجيل"
"year","سنة"
"month","شهر"
"SMS","رسالة"
"Text:","نص:"
"Total SMS answers: 0","مجموع ردود الرسائل: 0"

"SENT to recipient","الإرسال الى المستلم"
"ERROR","خطأ"
"DELIVERED to recipient","وصلت الرسالة الى المستلم"
"RECIPIENT UNAVAILABLE","RECIPIENT UNAVAILABLE"

"SMS History","ارشيف الإرساليات"
"History of sent SMS from SMS module.","رشيف الإرسال من تطبيق الإرساليات"
" admin sms","  ارساليات المشرف"
" customer sms","  ارساليات الحريف"
" marketing sms"," الرسائل التجارية"
" simple sms"," إرسال عادي"
"Show","إظهار"
"Search results ","نتائج البحث  "
" of "," ل "
"Type","النوع"
"Date","التاريخ"
"SMS subject","موضوع الإرسالية"
"Number","الرقم"
"yes","نعم"
"no","لا"
"system number","الرقم النظامي"
"Credit balance:","كمية المخزون:"
"Display customer detail","إظهار معطيات الحريف"
"Text:","النص:"
"Total SMS:","مجموع الرسائل:"
"SMS History - not active","أرشيف الإرسال - غير نشط"
"User profile is not active! To register click on the SMS tab in the main menu. Module will display you screen for entering registration data. If you have used our module in the past and you know your username and password, fill in form for existing account. Otherwise fill in your email, accept the license terms and click register.","الحساب الشخصي غير نشط، للتسجيل يرجى النقر على ايقونة الرسائل، ومن ثمة يمكنك مشاهدة معطيات التسجيل، اذا سبق لك وأن استعملت هذا التطبيق واذا كنت تعرف اسم المستخدم وكلمة السر الخاصين بك يمكنك استخدامهم في هذا الحساب. خلافا لذلك أدخل البريد الإلكتروني الخاص بك ووافق على شروط الخدمة ومن ثمة اظغط على تسجيل"
"SMS price in credits:","سعر الإرسالية بصيغة \"المخزون\"ـ"
"year","السنة"
"month","الشهر"
"Status","الحالة"
"Recipient","المستلم"
"Unicode:","يونيكود:"
"senderID:","معرف المرسل:"
"Previous","السابق"
"Next","التالي"
" Page: "," الصفحة: "
"Total SMS: 0","مجموع الرسائل: 0"
"SMS","الإرساليات"

"SMS Marketing - bulk SMS text","الإرساليات التجارية - نص الإرساليات بالجملة"
"Enter SMS text","أدخل نص الرسالة"
" Unicode ","  يونيكود  "
"Check only if you want to use Chinese, Arabic, Greek, Hebrew, Korean, Cyrillic, etc. or diacritic in the text of your SMS message (Unicode text allows you to insert characters in all fonts and various other symbols simultaneously. Number of characters in one SMS will be reduced to 70).","يتم تفعيل هذه الخاصية عند استعمال اللغة العربية أو الصينية أو اليونانية أو العبرية أو الكورية، إلخ. وكذلك عند استخدام الرموز في نص الرسالة (عموما نصوص اليونيكود تُمكِن من استعمال أحرف جميع اللغات بالإضافة الى جميع الرموز، عدد الأحرف الأقصى في نص الرسالة الواحدة يصبح 70 رمزا)."
" Send later ","  أرسل لاحقا  "
"Your time: ","الوقت الخاص بك:"
"Total customers:","مجموع الحرفاء:"
"Total SMS:","مجموع الرسائل:"
"SMS Marketing - bulk SMS filter","الإرساليات التجارية - فلتر رسائل الجملة"
"All customers","جميع الحرفاء"
"company customers","منظومة الحرفاء"
"private customers","حرفاء خاصون"
"All countries","جميع الدول"
"Last name:","اللقب:"
"First name:","الإسم:"
"Last name","اللقب"
"First name","الإسم"
"Groups:","المجموعات:"
"All","الكل"
"Gender:","الجنس:"
"Male","ذكر"
"Female","أنثى"
"Newsletter:","النشرة البريدية:"
"Yes","نعم"
"No","لا"
"Apply filter","تفعيل الفلترة"
"Date of birth from: ","تاريخ الولادة من: "
"to: ","إلى: "
"Date of registration from: ","تاريخ التسجيل من: "
"Customers found: ","الحرفاء الذين أمكن إيجادهم  "
"results","النتائج"
"Action","الإجراء"
"Mobile number","رقم الهاتف المحمول"
"Customer ID","معرف الحريف"
"REMOVE customer from this list","حذف الحريف من هذه القائمة"
"Next","التالي"
"Previous","السابق"
" Page: "," الصفحة: "
"SMS Marketing - customers found: ","الإرساليات التجاريت - عدد الحرفاء الذين أمكن إيجادهم "
"Write text of message and use advanced filter to target your marketing campaign.","أكتب نص الرسالة واستعمل الفلتر المتقدم لتحديد هدف حملة التسويق الخاصة بك."
"Marketing SMS","الإرساليات التجارية"
"SMS Marketing - not active","الإرساليات التسويقية - غير نشطة"
"User profile is not active! To register click on the SMS tab in the main menu. Module will display you screen for entering registration data. If you have used our module in the past and you know your username and password, fill in form for existing account. Otherwise fill in your email, accept the license terms and click register.","الحساب الشخصي غير نشط، للتسجيل يرجى النقر على ايقونة الرسائل، ومن ثمة يمكنك مشاهدة معطيات التسجيل، اذا سبق لك وأن استعملت هذا التطبيق واذا كنت تعرف اسم المستخدم وكلمة السر الخاصين بك يمكنك استخدامهم في هذا الحساب. خلافا لذلك أدخل البريد الإلكتروني الخاص بك ووافق على شروط الخدمة ومن ثمة اظغط على تسجيل "
"Fill in SMS text","إملأ نص الرسالة"
"SMS text is too long (max. 612 characters).","نص الرسالة طويل (الحد الأقصى 612 حرفا)."
"SMS text is too long (max. 268 unicode characters).","نص الرسالة طويل (الحد الأقصى 268 حرف يونيكود)."
"Customers found: 0","الحرفاء الذين أمكن إيجادهم: 0"
"Wrong time of SMS sending.","توقيت غير صالح لبعث الإرساليات"
"You do not have enough credit to send SMS to all ","ليس لديك مخزون إرساليات كافي لبعث الرسائل للجميع  "
" customers."," الحرفاء"
"SMS was sent.","تم بعث الإرسالية"
"SMS was saved.","تم حفظ الإرسالية."
"wrong number or unavailable","رقم غير صالح أو غير موجود"
"unauthorized senderID in confirmation sms","معرف المرسل غير مسموح به لتأكيد عملية الإرسال"
"low credit for sending sms","مخزون إرساليات منخفض"
"unicode is not supported","اليونيكود غير مدعم"
"can not connect to SMS server","لا يمكن الإتصال بسرفر الإرساليات"
"SMS SIMULATION (Sending of SMS was simulated. Recipient will not receive SMS)","محاكاة الإرسال (تمت فقط محاكاة عملية الإرسال، لن يستقبل المستلم أي رسالة)"
"SMS was sent (simulation).","تم بعث الرسالة (فقط محاكاة)"
"error","خطأ"
"login error","خطأ في عملية الدخول"
"Date:","التاريخ:"
"Time: ","التوقيت: "
"1hr","1hr"
"time zone: ","التوقيت المحلي:  "
"time zone settings","إعدادات التوقيت المحلي"
"Send","إرسال"
"Characters: ","أحرف:  "
"Text is too long","النص طويل"
"Type:","النوع: "
"Country:","البلد:"
"City:","الجهة:"
"Advert:","الإعلام:"
"Store:","المتجر:"
"All stores","ميع المتاجر"

"Presta SMS","Presta SMS"
"presta-sms.com - send SMS from your Prestashop!","presta-sms.com - إبعث إرسالياتك من برستاشوب!"
"Admin SMS","إرساليات المشرف"
"Customer SMS","إرساليات الحريف"
"SMS Settings","إعدادات الإرسال
"SMS History","أرشيف الإرسال"
"Purchase Credit","شراء مخزون الإرساليات"
"Marketing SMS","الإرساليات التجارية"
"SMS Answers","ردود الرسائل"
"Send SMS","بعث الإرساليات"
"About","حول التطبيق"
"wrong number or unavailable","رقم خاطئ أو غير موجود"
"unauthorized senderID in confirmation sms","معرف الباعث غير مسموح به لتأكيد عملية الإرسال"
"low credit for sending sms","مخزون الإرساليات منخفض لإرسال الرسائل"
"unicode is not supported","لا يمكن استعمال اليونيكود"
"login error","خطأ في عملية الدخول"
"can not connect to SMS server","لا يمكن الإتصال بسيرفر الإرساليات"
"SMS SIMULATION (Sending of SMS was simulated. Recipient will not receive SMS)","محاكاة الإرسال (تمت فقط محاكاة عملية الإرسال، لن يستقبل المستلم أي رسالة)"
"unknown mobile number","لم يتم التعرف على رقم الهاتف المحمول"
"not connected to SMS server","الإتصال مقطوع مع سيرفر الإرساليات"
"New orders",""طلبيات جديدة"
"New order from {customer_firstname} {customer_lastname}, customer id: {customer_id}, order id: {order_id}, payment: {order_payment}, amount: {order_total_paid} {order_currency}. Order: {newOrder2}. Info from {shop_name}.","New order from {customer_firstname} {customer_lastname}, customer id: {customer_id}, order id: {order_id}, payment: {order_payment}, amount: {order_total_paid} {order_currency}. Order: {newOrder2}. Info from {shop_name}."
"Your order {order_id} was successfully created, payment: {order_payment}, amount: {order_total_paid} {order_currency}. Have a nice day, {shop_name}.","Your order {order_id} was successfully created, payment: {order_payment}, amount: {order_total_paid} {order_currency}. Have a nice day, {shop_name}."
"Possible variables:","Possible variables:"
"Successful customer create account","Successful customer create account"
"Customer {customer_firstname} {customer_lastname}, id: {customer_id}, has just subscribed to {shop_name}.","Customer {customer_firstname} {customer_lastname}, id: {customer_id}, has just subscribed to {shop_name}."
"Dear {customer_firstname} {customer_lastname}, your account in {shop_name} was successfully created. Your username: {customer_email}. Have a nice day!","Dear {customer_firstname} {customer_lastname}, your account in {shop_name} was successfully created. Your username: {customer_email}. Have a nice day!"
"Product returned","Product returned"
"Customer {customer_firstname} {customer_lastname}, id: {customer_id}, has returned product from order {order_id}. Order: {orderReturn2}. Customer text: {customer_question}. Info from {shop_name}.","Customer {customer_firstname} {customer_lastname}, id: {customer_id}, has returned product from order {order_id}. Order: {orderReturn2}. Customer text: {customer_question}. Info from {shop_name}."
"We have received your request. Order {order_id}. Have a nice day, {shop_name}.","We have received your request. Order {order_id}. Have a nice day, {shop_name}."
"Called when a quantity of one product change in an order","Called when a quantity of one product change in an order"
"In order {order_id} was changed quantity, {orderSlip2}. Info from {shop_name}.","In order {order_id} was changed quantity, {orderSlip2}. Info from {shop_name}."
"In your order {order_id} was changed quantity, {orderSlip2}. Have a nice day, {shop_name}.","In your order {order_id} was changed quantity, {orderSlip2}. Have a nice day, {shop_name}."
"Payment confirmation","Payment confirmation"
"Payment confirmation, order id: {order_id}, payment: {order_payment}, amount: {order_total_paid} {order_currency}. Info from {shop_name}.","Payment confirmation, order id: {order_id}, payment: {order_payment}, amount: {order_total_paid} {order_currency}. Info from {shop_name}."
"We have successfully received payment for your order {order_id} via {order_payment}, amount: {order_total_paid} {order_currency}. Have a nice day, {shop_name}.","We have successfully received payment for your order {order_id} via {order_payment}, amount: {order_total_paid} {order_currency}. Have a nice day, {shop_name}."
"Update of tracking number in order","Update of tracking number in order"
"Order {order_id} was updated, tracking number is {order_shipping_number}. Info from {shop_name}.","Order {order_id} was updated, tracking number is {order_shipping_number}. Info from {shop_name}."
"Dear Customer, your order {order_id} was shipped, tracking number is {order_shipping_number}. Have a nice day, {shop_name}.","Dear Customer, your order {order_id} was shipped, tracking number is {order_shipping_number}. Have a nice day, {shop_name}."
"Called when a product is deleted","Called when a product is deleted"
"This product was deleted from {shop_name}, id: {product_id}, ref: {product_ref}, name: {product_name}. Deleted by user {employee_id}, {employee_email}.","This product was deleted from {shop_name}, id: {product_id}, ref: {product_ref}, name: {product_name}. Deleted by user {employee_id}, {employee_email}."
"Quantity is updated only when the customer effectively place his order","Quantity is updated only when the customer effectively place his order"
"Quantity of product has changed, id: {product_id}, ref: {product_ref}, name: {product_name}, current quantity: {product_quantity}, supplier: {product_supplier}. Info from {shop_name}.","Quantity of product has changed, id: {product_id}, ref: {product_ref}, name: {product_name}, current quantity: {product_quantity}, supplier: {product_supplier}. Info from {shop_name}."
"Product out of stock","Product out of stock"
"This product is almost out of stock, id: {product_id}, ref: {product_ref}, name: {product_name}, current quantity: {product_quantity}. Info from {shop_name}.","This product is almost out of stock, id: {product_id}, ref: {product_ref}, name: {product_name}, current quantity: {product_quantity}. Info from {shop_name}."
"Called when admin or customer cancel a product in an order","Called when admin or customer cancel a product in an order"
"In order {order_id} was canceled product with id: {product_id}, ref: {product_ref}, name: {product_name}. Quantity: {product_quantity}, quantity reinjected: {product_quantity_reinjected}. Info from {shop_name}.","In order {order_id} was canceled product with id: {product_id}, ref: {product_ref}, name: {product_name}. Quantity: {product_quantity}, quantity reinjected: {product_quantity_reinjected}. Info from {shop_name}."
"Status of order {order_id} has changed to ","Status of order {order_id} has changed to "
". Info from {shop_name}.",". Info from {shop_name}."
"Dear Customer, status of your order {order_id} has changed to ","Dear Customer, status of your order {order_id} has changed to "
". Have a nice day, {shop_name}.",". Have a nice day, {shop_name}."
"Bank wire","Bank wire"
"Company Name","Company Name"
"Country","Country"
"City","City"
"qty","qty"
"qty reinjected","qty reinjected"
"qty returned","qty returned"
"name","name"
"not found","not found"
"SMS Settings - Select Own number sender ID for ","SMS Settings - Select Own number sender ID for "
"Own number sender ID settings","Own number sender ID settings"
"own number sender ID","own number sender ID"
"Existing Own number:","Existing Own number:"
"New Own number sender ID:","New Own number sender ID:"
"in international format, no leading <br />zeros or a “+” sign, e.g., 447971796595","in international format, no leading <br />zeros or a “+” sign, e.g., 447971796595"
"SMS code:","SMS code:"
"CONFIRM","CONFIRM"
"Required field","Required field"
"SMS Settings - Select Text sender ID for ","SMS Settings - Select Text sender ID for "
"Text sender ID settings","Text sender ID settings"
"Existing Text sender ID:","Existing Text sender ID:"
"New Text sender ID:","New Text sender ID:"
"max. 11 characters","max. 11 characters"
"SMS Settings","SMS Settings"
"Define SMS Sender Type for each country separately (Text sender ID, Own mobile number or System number). SMS price depends on the recipient country, selected SMS sender type and amount of payment. In countries with undefined SMS sender type will be used System number sender type.","Define SMS Sender Type for each country separately (Text sender ID, Own mobile number or System number). SMS price depends on the recipient country, selected SMS sender type and amount of payment. In countries with undefined SMS sender type will be used System number sender type."
"Customer SMS settings","Customer SMS settings"
"SENDER TYPE","SENDER TYPE"
"NETWORK","NETWORK"
"SMS PRICE<br />IN CREDITS","SMS PRICE<br />IN CREDITS"
"SMS PRICE IN EUR (excl. VAT)","SMS PRICE IN EUR (excl. VAT)"
"payment","payment"
"Unicode ","Unicode "
"Unicode characters support (Unicode allows you to enter characters in all fonts and various symbols simultaneously. Is used for Chinese, Arabic, Greek, Hebrew, Korean, Cyrillic, etc. or diacritic in the text of your SMS message)","Unicode characters support (Unicode allows you to enter characters in all fonts and various symbols simultaneously. Is used for Chinese, Arabic, Greek, Hebrew, Korean, Cyrillic, etc. or diacritic in the text of your SMS message)"
"TEXT SENDER ID","TEXT SENDER ID"
"Text sender ID","Text sender ID"
"SYSTEM NUMBER","SYSTEM NUMBER"
"OWN NUMBER SENDER ID","OWN NUMBER SENDER ID"
"SIM HOSTING","SIM HOSTING"
"UNICODE SUPPORTED","UNICODE SUPPORTED"
"UNICODE NOT SUPPORTED","UNICODE NOT SUPPORTED"
"SAVE SMS SETTINGS","SAVE SMS SETTINGS"
"Are you sure to delete","Are you sure to delete"
"Select country: ","Select country: "
"ADD/CHANGE SELECTED COUNTRY","ADD/CHANGE SELECTED COUNTRY"
"SMS settings - not active","SMS settings - not active"
"User profile is not active! To register click on the SMS tab in the main menu. Module will display you screen for entering registration data. If you have used our module in the past and you know your username and password, fill in form for existing account. Otherwise fill in your email, accept the license terms and click register.","User profile is not active! To register click on the SMS tab in the main menu. Module will display you screen for entering registration data. If you have used our module in the past and you know your username and password, fill in form for existing account. Otherwise fill in your email, accept the license terms and click register."
"error","error"
"can not connect to SMS server","can not connect to SMS server"
" was deleted."," was deleted."
"choose sender type","choose sender type"
" was saved."," was saved."
"fill in own number sender ID","fill in own number sender ID"
"own number sender ID must be number","own number sender ID must be number"
"correctly confirm sms code","correctly confirm sms code"
"Own number sender ID for ","Own number sender ID for "
" was saved."," was saved."
"error - ","error - "
"login error","login error"
"Now retype SMS code.","Now retype SMS code."
"Now retype SMS code. SMS will be send in next 60 seconds.","Now retype SMS code. SMS will be send in next 60 seconds."
"error - wrong number or unavailable","error - wrong number or unavailable"
"error - unauthorized senderID in confirmation sms","error - unauthorized senderID in confirmation sms"
"error - low credit for sending validation SMS","error - low credit for sending validation SMS"
"fill in text sender ID","fill in text sender ID"
"fill in text sender ID, 3-11 characters","fill in text sender ID, 3-11 characters"
"possible characters: ","possible characters: "
"text sender ID can't be number","text sender ID can't be number"
"Text sender ID for ","Text sender ID for "
"Admin SMS settings","Admin SMS settings"
"VALIDATE","VALIDATE"
"SMS validation","SMS validation"
"Confirmation code: ","Confirmation code: "
"Update pricelist","Update pricelist"
"e.g.:","e.g.:"
"Pricelist was successfully updated.","Pricelist was successfully updated."
"edit","edit"
"delete","delete"
"Your online stores","Your online stores"
"SMS opt-out","SMS opt-out"
"SMS opt-out - setting SMS opt-out option from the cart and SMS charging","SMS opt-out - setting SMS opt-out option from the cart and SMS charging"
"Select an online store for which you want to set in the cart option to unsubscribe SMS notifications, setup cost of SMS messages and define the text that is displayed to the customer in the cart.","Select an online store for which you want to set in the cart option to unsubscribe SMS notifications, setup cost of SMS messages and define the text that is displayed to the customer in the cart."
"For sending SMS prefer phone nr. from:","For sending SMS prefer phone nr. from:"
"invoice address","invoice address"
"delivery address","delivery address"
"Price of SMS","Price of SMS"
"Text displayed in the cart","Text displayed in the cart"
"Activate displaying SMS opt-out feature in the cart","Activate displaying SMS opt-out feature in the cart"
"SMS opt-out is ACTIVE","SMS opt-out is ACTIVE"
"SMS opt-out is NOT ACTIVE. To activate SMS opt-out check the checkbox „Activate displaying SMS opt-out feature in the cart“","SMS opt-out is NOT ACTIVE. To activate SMS opt-out check the checkbox „Activate displaying SMS opt-out feature in the cart“"
"Setting of the SMS opt-out feature was successfully changed","Setting of the SMS opt-out feature was successfully changed"
"Price of SMS messages has changed in the following countries:","Price of SMS messages has changed in the following countries:"
"New version available for download:","New version available for download:"
"Manual:","Manual:"
"www.presta-sms.com/manual.html","www.presta-sms.com/manual.html"
"Supported PrestaShop versions:","Supported PrestaShop versions:"
"1.5.x","1.5.x"
"Contact form","Contact form"
"Remove duplicate numbers","Remove duplicate numbers"
"Registration type:","Registration type:"
"Personal","Personal"
"Business","Business"
"Address","Address"
"Billing information","Billing information"
"Contact person","Contact person"
"Enter the name of the company.","Enter the name of the company."
"Invalid VAT","Invalid VAT"
"Statistics","Statistics"
"Statistics - not active","Statistics - not active"
"day","day"
"Date from:","Date from:"
"to:","to:"
"Mage SMS module 2013-%s, version ","Mage SMS module 2013-%s, version "
"Supported Magento versions:","Supported Magento versions:"
"www.mage-sms.com/manual.html","www.mage-sms.com/manual.html"
"www.mage-sms.com","www.mage-sms.com"
"www.mage-sms.com/index.html","www.mage-sms.com/index.html"
"Removed Customers: ","Removed Customers: "
"More...","More..."
"Saved Filters","Saved Filters"
"Save filter","Save filter"
"Reset filter","Reset filter"
"Filter Name","Filter Name"
"Date","Date"
"Filter has been applied.","Filter has been applied."
"Filter has been saved.","Filter has been saved."
"Filter has been reset.","Filter has been reset."
"Are you sure you want to reset the filter?","Are you sure you want to reset the filter?"
"Are you sure you want to remove the filter?","Are you sure you want to remove the filter?"
"No filter has been found.","No filter has been found."
"Processing...","Processing..."
"Saved Templates","Saved Templates"
"Save template","Save template"
"Template Name","Template Name"
"Template has been loaded.","Template has been loaded."
"Template has been saved.","Template has been saved."
"Are you sure you want to remove the template?","Are you sure you want to remove the template?"
"No template has been found.","No template has been found."
"Virtual operators (MVNO)","Virtual operators (MVNO)"
"Select coupon","Select coupon"
"Create coupon","Create coupon"
"Please Select","Please Select"
"SIMULATION","SIMULATION"
"DELETED","DELETED"
"SCHEDULED","SCHEDULED"
"DO NOT DISTURB registry (DND)","DO NOT DISTURB registry (DND)"
"DUPLICATE","DUPLICATE"
"Add recipients in CSV(.csv, .txt) or vCARD(.vcf)","Add recipients in CSV(.csv, .txt) or vCARD(.vcf)"
"Returns","Returns"
"We confirm we have received your request to claim the goods.","We confirm we have received your request to claim the goods."
"New claim from customer was received.","New claim from customer was received."
"Status of a claim {return_id} has changed to ","Status of a claim {return_id} has changed to "
". Info from {shop_name}.",". Info from {shop_name}."
"Dear Customer, status of your claim {return_id} has changed to ","Dear Customer, status of your claim {return_id} has changed to "
". Have a nice day, {shop_name}.",". Have a nice day, {shop_name}."
"ADD/CHANGE TEXT SENDER ID","ADD/CHANGE TEXT SENDER ID"
"Add SMS product to cart:","Add SMS product to cart:"
"Automatically","Automatically"
"Manually","Manually"
"SMS opt-out - setting Marketing SMS opt-out option for the customer from the user profile","SMS opt-out - setting Marketing SMS opt-out option for the customer from the user profile"
"Activate displaying Marketing SMS opt-out feature in the user profile","Activate displaying Marketing SMS opt-out feature in the user profile"
